portfolio,mean_n2,std_n2,t_n2,mean_n3,std_n3,t_n3,mean_n4,std_n4,t_n4
P1,0.018720536334132284,0.027100961881400102,4.156681793833205,0.021176494070207188,0.040641825143074684,3.426238740168997,,,
P2,0.007759644638746585,0.021196827587785246,2.468271595128282,0.009439245361050303,0.022525775819244188,3.2602900577628393,,,
P3,0.003976844726138868,0.01287111200610397,1.8140402385569272,0.0062083514921487445,0.02099352729470844,1.8759697969233131,,,
P4,0.0072594986001524985,0.016769686591015288,2.204047177713953,0.011728295257702647,0.02579583053454125,2.682534196228641,,,
P4_minus_P1,-0.011461037733979784,0.029531360299301364,-2.5938450909027466,-0.009448198812504539,0.04296872766128612,-1.8639579263147614,,,
