portfolio,mean_n1,std_n1,t_n1,mean_n2,std_n2,t_n2,mean_n3,std_n3,t_n3,mean_n4,std_n4,t_n4
P1,0.05994612224212781,0.14048337104295242,1.8115954639059315,0.06045975774406552,0.1352464603666421,1.8914273344678005,0.0591463987814948,0.13068690644855752,1.9629521455001795,,,
P2,0.026747553389363347,0.17180714464384245,0.8028640101378083,0.02938959119624608,0.1702060734356794,0.8682937979285351,0.03129079420216656,0.16666020209292226,0.9200907022554806,,,
P3,-0.05138846519624213,0.14228716504697508,-1.4551202817062556,-0.006903369721917777,0.12926928290879208,-0.21648700452116335,-0.006754307817331823,0.1199922300217589,-0.23688407048681648,,,
P4,-0.08749964028812808,0.16264794969536125,-2.332755324155995,-0.052300268042320554,0.1587044646665256,-1.3575709868583545,-0.06372914415928534,0.14976255326893542,-1.7772067209770366,,,
P4_minus_P1,-0.14578498460536785,0.18333793039189558,-3.52513863452905,-0.1109689981598651,0.17036372826129623,-2.674315628745028,-0.12132370780030097,0.1590773106091583,-3.3717623880354957,,,
