portfolio,mean_n2,std_n2,t_n2,mean_n3,std_n3,t_n3,mean_n4,std_n4,t_n4
P1,0.00025681775096885454,0.014505992006024045,0.12066341602890895,-0.00012942552377536812,0.020586526738791393,-0.03954167487392007,,,
P2,0.000735499505283086,0.010608954929587803,0.5283409492715186,0.0015044652444606277,0.017277977720905124,0.6919548927313621,,,
P3,0.022242547737162173,0.027288648549110603,4.542221263304554,0.02953126766486743,0.038328505314768835,4.044399763886249,,,
P4,0.017662356095575704,0.023720568683634084,5.126464775011924,0.020830322880904743,0.03022703764677806,4.295290531689518,,,
P4_minus_P1,0.017471098403566872,0.027612143427455445,5.3391874443974165,0.020719099655142032,0.03324685695747292,4.427203688048843,,,
